Serial,Link,Error
8,https://etender.up.nic.in/nicgep/app?component=%24DirectLink_0&page=FrontEndAdvancedSearchResult&service=direct&session=T&sp=SmADKg%2Furl5P%2B3axRG3X%2Few%3D%3D,failed after 3 attempts: Forbidden domain
1,https://etender.up.nic.in/nicgep/app?component=%24DirectLink_0&page=FrontEndAdvancedSearchResult&service=direct&session=T&sp=SACCK%2BNt%2FUN8mQIPzhjgXLA%3D%3D,failed after 3 attempts: Forbidden domain
11,https://etender.up.nic.in/nicgep/app?component=%24DirectLink_0&page=FrontEndAdvancedSearchResult&service=direct&session=T&sp=S%2FZL9HIpgbJDnFxfGAWhLbQ%3D%3D,failed after 3 attempts: Forbidden domain
24,https://etender.up.nic.in/nicgep/app?component=%24DirectLink_0&page=FrontEndAdvancedSearchResult&service=direct&session=T&sp=SFpPhEcGEP%2BYyNX8mC5Gvdg%3D%3D,failed after 3 attempts: Forbidden domain
88,https://etender.up.nic.in/nicgep/app?component=%24DirectLink_0&page=FrontEndAdvancedSearchResult&service=direct&session=T&sp=S4dDcLofs7A1k4McxCGF4oQ%3D%3D,failed after 3 attempts: Forbidden domain
80,https://etender.up.nic.in/nicgep/app?component=%24DirectLink_0&page=FrontEndAdvancedSearchResult&service=direct&session=T&sp=SG1a181JrFYSzKVREZo2mTg%3D%3D,failed after 3 attempts: Forbidden domain
90,https://etender.up.nic.in/nicgep/app?component=%24DirectLink_0&page=FrontEndAdvancedSearchResult&service=direct&session=T&sp=S4%2Bp7QESEysmupsmvo1fttQ%3D%3D,failed after 3 attempts: Forbidden domain
40,https://etender.up.nic.in/nicgep/app?component=%24DirectLink_0&page=FrontEndAdvancedSearchResult&service=direct&session=T&sp=SvwJA4sO5N7W8yPvgdc33Hw%3D%3D,failed after 3 attempts: Forbidden domain
22,https://etender.up.nic.in/nicgep/app?component=%24DirectLink_0&page=FrontEndAdvancedSearchResult&service=direct&session=T&sp=ShpLHt6%2FFg6ApKl%2F0T7gvpQ%3D%3D,failed after 3 attempts: Forbidden domain
118,https://etender.up.nic.in/nicgep/app?component=%24DirectLink_0&page=FrontEndAdvancedSearchResult&service=direct&session=T&sp=SMm0wpa97P%2FEGh3b3ziajEQ%3D%3D,failed after 3 attempts: Forbidden domain
51,https://etender.up.nic.in/nicgep/app?component=%24DirectLink_0&page=FrontEndAdvancedSearchResult&service=direct&session=T&sp=Sn2Qt7wQf%2BFbpGPHIvQbK8g%3D%3D,failed after 3 attempts: Forbidden domain
57,https://etender.up.nic.in/nicgep/app?component=%24DirectLink_0&page=FrontEndAdvancedSearchResult&service=direct&session=T&sp=SE%2BVrUP905tm01P6rxWFfww%3D%3D,failed after 3 attempts: Forbidden domain
97,https://etender.up.nic.in/nicgep/app?component=%24DirectLink_0&page=FrontEndAdvancedSearchResult&service=direct&session=T&sp=SmRzWhC4hp2Hx4hWMMLA1Mg%3D%3D,failed after 3 attempts: Forbidden domain
17,https://etender.up.nic.in/nicgep/app?component=%24DirectLink_0&page=FrontEndAdvancedSearchResult&service=direct&session=T&sp=SBbNz7nFfNDaBSnTLZia1ZQ%3D%3D,failed after 3 attempts: Forbidden domain
48,https://etender.up.nic.in/nicgep/app?component=%24DirectLink_0&page=FrontEndAdvancedSearchResult&service=direct&session=T&sp=SI8wbeLkdEkqsQfW1iY%2BvPw%3D%3D,failed after 3 attempts: Forbidden domain
7,https://etender.up.nic.in/nicgep/app?component=%24DirectLink_0&page=FrontEndAdvancedSearchResult&service=direct&session=T&sp=S6XRPQc5BRc0C0zE6ZDHxgg%3D%3D,failed after 3 attempts: Forbidden domain
63,https://etender.up.nic.in/nicgep/app?component=%24DirectLink_0&page=FrontEndAdvancedSearchResult&service=direct&session=T&sp=S7jUwmFLEaE8zPTqTkCiWdQ%3D%3D,failed after 3 attempts: Forbidden domain
65,https://etender.up.nic.in/nicgep/app?component=%24DirectLink_0&page=FrontEndAdvancedSearchResult&service=direct&session=T&sp=SG3lNBLbwdz64i%2F0w0Sn2xw%3D%3D,failed after 3 attempts: Forbidden domain
107,https://etender.up.nic.in/nicgep/app?component=%24DirectLink_0&page=FrontEndAdvancedSearchResult&service=direct&session=T&sp=S1LIPjzzuLKf9iPqiQwvvYA%3D%3D,failed after 3 attempts: Forbidden domain
99,https://etender.up.nic.in/nicgep/app?component=%24DirectLink_0&page=FrontEndAdvancedSearchResult&service=direct&session=T&sp=SBj%2BC6PSZQoionN60SngoqQ%3D%3D,failed after 3 attempts: Forbidden domain
53,https://etender.up.nic.in/nicgep/app?component=%24DirectLink_0&page=FrontEndAdvancedSearchResult&service=direct&session=T&sp=S6x7swpodmxYZEGwVSX0Qiw%3D%3D,failed after 3 attempts: Forbidden domain
82,https://etender.up.nic.in/nicgep/app?component=%24DirectLink_0&page=FrontEndAdvancedSearchResult&service=direct&session=T&sp=SdAb9KtqTa11Kc85zDZEMMA%3D%3D,failed after 3 attempts: Forbidden domain
50,https://etender.up.nic.in/nicgep/app?component=%24DirectLink_0&page=FrontEndAdvancedSearchResult&service=direct&session=T&sp=SmovuyjOID5DgynEXPh8w2A%3D%3D,failed after 3 attempts: Forbidden domain
39,https://etender.up.nic.in/nicgep/app?component=%24DirectLink_0&page=FrontEndAdvancedSearchResult&service=direct&session=T&sp=S8at3mw6EepTySoLiy9otUQ%3D%3D,failed after 3 attempts: Forbidden domain
23,https://etender.up.nic.in/nicgep/app?component=%24DirectLink_0&page=FrontEndAdvancedSearchResult&service=direct&session=T&sp=S0i4LnXK6mXDwWMYUUP8NhA%3D%3D,failed after 3 attempts: Forbidden domain
109,https://etender.up.nic.in/nicgep/app?component=%24DirectLink_0&page=FrontEndAdvancedSearchResult&service=direct&session=T&sp=STjVoH8Qb3AdjOqmV%2Bpjsbg%3D%3D,failed after 3 attempts: Forbidden domain
78,https://etender.up.nic.in/nicgep/app?component=%24DirectLink_0&page=FrontEndAdvancedSearchResult&service=direct&session=T&sp=SGUjf7N7J0XqmNlLi4570lA%3D%3D,failed after 3 attempts: Forbidden domain
60,https://etender.up.nic.in/nicgep/app?component=%24DirectLink_0&page=FrontEndAdvancedSearchResult&service=direct&session=T&sp=SSPzYLWPTNWLZZGU0QSQbNw%3D%3D,failed after 3 attempts: Forbidden domain
18,https://etender.up.nic.in/nicgep/app?component=%24DirectLink_0&page=FrontEndAdvancedSearchResult&service=direct&session=T&sp=SkGB4BdzLqDr2tnm8YI10ZA%3D%3D,failed after 3 attempts: Forbidden domain
31,https://etender.up.nic.in/nicgep/app?component=%24DirectLink_0&page=FrontEndAdvancedSearchResult&service=direct&session=T&sp=S0sJp183OBa61h61foG5dcA%3D%3D,failed after 3 attempts: Forbidden domain
96,https://etender.up.nic.in/nicgep/app?component=%24DirectLink_0&page=FrontEndAdvancedSearchResult&service=direct&session=T&sp=SouGbYmspWa2EQDHHQk7STQ%3D%3D,failed after 3 attempts: Forbidden domain
28,https://etender.up.nic.in/nicgep/app?component=%24DirectLink_0&page=FrontEndAdvancedSearchResult&service=direct&session=T&sp=SuKbxJEJqoWlfwCusEFI8Mw%3D%3D,failed after 3 attempts: Forbidden domain
49,https://etender.up.nic.in/nicgep/app?component=%24DirectLink_0&page=FrontEndAdvancedSearchResult&service=direct&session=T&sp=SeSYWeEXAvvHmVLqq8oUbEQ%3D%3D,failed after 3 attempts: Forbidden domain
102,https://etender.up.nic.in/nicgep/app?component=%24DirectLink_0&page=FrontEndAdvancedSearchResult&service=direct&session=T&sp=SIjlgsAnevxG%2BpQal9SZqFQ%3D%3D,failed after 3 attempts: Forbidden domain
117,https://etender.up.nic.in/nicgep/app?component=%24DirectLink_0&page=FrontEndAdvancedSearchResult&service=direct&session=T&sp=S6LNsY9rQ4XDvCkKK56Kd%2Fg%3D%3D,failed after 3 attempts: Forbidden domain
89,https://etender.up.nic.in/nicgep/app?component=%24DirectLink_0&page=FrontEndAdvancedSearchResult&service=direct&session=T&sp=SgdzAoRp5fRTviRmCFYr2Sw%3D%3D,failed after 3 attempts: Forbidden domain
32,https://etender.up.nic.in/nicgep/app?component=%24DirectLink_0&page=FrontEndAdvancedSearchResult&service=direct&session=T&sp=SlODA0QCXuyW9iXlda3a%2B1A%3D%3D,failed after 3 attempts: Forbidden domain
52,https://etender.up.nic.in/nicgep/app?component=%24DirectLink_0&page=FrontEndAdvancedSearchResult&service=direct&session=T&sp=SFV6FNZg%2FWxsg%2FIgmGPZCEA%3D%3D,failed after 3 attempts: Forbidden domain
64,https://etender.up.nic.in/nicgep/app?component=%24DirectLink_0&page=FrontEndAdvancedSearchResult&service=direct&session=T&sp=SPDw6OjsqlKGwWWzrt%2B0ojA%3D%3D,failed after 3 attempts: Forbidden domain
29,https://etender.up.nic.in/nicgep/app?component=%24DirectLink_0&page=FrontEndAdvancedSearchResult&service=direct&session=T&sp=SEKO%2BYaM%2BND4m8LJYlTLiJw%3D%3D,failed after 3 attempts: Forbidden domain
98,https://etender.up.nic.in/nicgep/app?component=%24DirectLink_0&page=FrontEndAdvancedSearchResult&service=direct&session=T&sp=SV9px1vlRKM1My0ZvQvbaLg%3D%3D,failed after 3 attempts: Forbidden domain
56,https://etender.up.nic.in/nicgep/app?component=%24DirectLink_0&page=FrontEndAdvancedSearchResult&service=direct&session=T&sp=S0qWJusMxXhboB1ldovpl2g%3D%3D,failed after 3 attempts: Forbidden domain
119,https://etender.up.nic.in/nicgep/app?component=%24DirectLink_0&page=FrontEndAdvancedSearchResult&service=direct&session=T&sp=SfRNz7jKk8nUD9xEnHrymdQ%3D%3D,failed after 3 attempts: Forbidden domain
59,https://etender.up.nic.in/nicgep/app?component=%24DirectLink_0&page=FrontEndAdvancedSearchResult&service=direct&session=T&sp=SYV3f3zr%2B8qNcgcRyhNpi7w%3D%3D,failed after 3 attempts: Forbidden domain
58,https://etender.up.nic.in/nicgep/app?component=%24DirectLink_0&page=FrontEndAdvancedSearchResult&service=direct&session=T&sp=SUpCIRA7wYKll9JQT1UP%2BzA%3D%3D,failed after 3 attempts: Forbidden domain
34,https://etender.up.nic.in/nicgep/app?component=%24DirectLink_0&page=FrontEndAdvancedSearchResult&service=direct&session=T&sp=SgMuGyUgBwACRs0eu%2FEw0dA%3D%3D,failed after 3 attempts: Forbidden domain
114,https://etender.up.nic.in/nicgep/app?component=%24DirectLink_0&page=FrontEndAdvancedSearchResult&service=direct&session=T&sp=SV2JrVXZt9%2FZlTqEZf759VA%3D%3D,failed after 3 attempts: Forbidden domain
84,https://etender.up.nic.in/nicgep/app?component=%24DirectLink_0&page=FrontEndAdvancedSearchResult&service=direct&session=T&sp=SsjwkJQ8Nh9fieB1e4ncHvQ%3D%3D,failed after 3 attempts: Forbidden domain
2,https://etender.up.nic.in/nicgep/app?component=%24DirectLink_0&page=FrontEndAdvancedSearchResult&service=direct&session=T&sp=SZZVxRVJZ0ZA9LWkbQ5NZUA%3D%3D,failed after 3 attempts: Forbidden domain
115,https://etender.up.nic.in/nicgep/app?component=%24DirectLink_0&page=FrontEndAdvancedSearchResult&service=direct&session=T&sp=SlheM0hYDo03bUIhmn1oQQQ%3D%3D,failed after 3 attempts: Forbidden domain
30,https://etender.up.nic.in/nicgep/app?component=%24DirectLink_0&page=FrontEndAdvancedSearchResult&service=direct&session=T&sp=SHW1nSHrZBtfXCT2WbBkyjg%3D%3D,failed after 3 attempts: Forbidden domain
19,https://etender.up.nic.in/nicgep/app?component=%24DirectLink_0&page=FrontEndAdvancedSearchResult&service=direct&session=T&sp=S6Fvv2e2avvvD5oCWDPGvhw%3D%3D,failed after 3 attempts: Forbidden domain
6,https://etender.up.nic.in/nicgep/app?component=%24DirectLink_0&page=FrontEndAdvancedSearchResult&service=direct&session=T&sp=SNwLDUzDXhQVguP2bOgpReA%3D%3D,failed after 3 attempts: Forbidden domain
85,https://etender.up.nic.in/nicgep/app?component=%24DirectLink_0&page=FrontEndAdvancedSearchResult&service=direct&session=T&sp=S3AODlYGYedtvUSMzfL1v3g%3D%3D,failed after 3 attempts: Forbidden domain
83,https://etender.up.nic.in/nicgep/app?component=%24DirectLink_0&page=FrontEndAdvancedSearchResult&service=direct&session=T&sp=S3ErGCtGXk%2FO1gwjmBIN8FA%3D%3D,failed after 3 attempts: Forbidden domain
123,https://etender.up.nic.in/nicgep/app?component=%24DirectLink_0&page=FrontEndAdvancedSearchResult&service=direct&session=T&sp=Sfc8Pt%2BGYfA0%2FAzrc7OWxWQ%3D%3D,failed after 3 attempts: Forbidden domain
126,https://etender.up.nic.in/nicgep/app?component=%24DirectLink_0&page=FrontEndAdvancedSearchResult&service=direct&session=T&sp=SnQaPZpSbKDRbEVWg7tybeQ%3D%3D,failed after 3 attempts: Forbidden domain
128,https://etender.up.nic.in/nicgep/app?component=%24DirectLink_0&page=FrontEndAdvancedSearchResult&service=direct&session=T&sp=SZMS4hcvsjKJDy51QSIljdg%3D%3D,failed after 3 attempts: Forbidden domain
129,https://etender.up.nic.in/nicgep/app?component=%24DirectLink_0&page=FrontEndAdvancedSearchResult&service=direct&session=T&sp=SvQTGiZsmSWUheLzjDfHe9g%3D%3D,failed after 3 attempts: Forbidden domain
134,https://etender.up.nic.in/nicgep/app?component=%24DirectLink_0&page=FrontEndAdvancedSearchResult&service=direct&session=T&sp=S5OYtvzjj1HzRhfS8IjuRZg%3D%3D,failed after 3 attempts: Forbidden domain
139,https://etender.up.nic.in/nicgep/app?component=%24DirectLink_0&page=FrontEndAdvancedSearchResult&service=direct&session=T&sp=SaZneQ2Eo9y2yIF7Y2sfVsQ%3D%3D,failed after 3 attempts: Forbidden domain
140,https://etender.up.nic.in/nicgep/app?component=%24DirectLink_0&page=FrontEndAdvancedSearchResult&service=direct&session=T&sp=SMKmZyu0I4ugu5sngocJ5lA%3D%3D,failed after 3 attempts: Forbidden domain
143,https://etender.up.nic.in/nicgep/app?component=%24DirectLink_0&page=FrontEndAdvancedSearchResult&service=direct&session=T&sp=SaaXj8RTbshUBEM54DdXPHA%3D%3D,failed after 3 attempts: Forbidden domain
144,https://etender.up.nic.in/nicgep/app?component=%24DirectLink_0&page=FrontEndAdvancedSearchResult&service=direct&session=T&sp=SyKPLNRnV4sPSt%2B9L88Syqw%3D%3D,failed after 3 attempts: Forbidden domain
145,https://etender.up.nic.in/nicgep/app?component=%24DirectLink_0&page=FrontEndAdvancedSearchResult&service=direct&session=T&sp=Sct37BfsZEBiVE0dAibb6Og%3D%3D,failed after 3 attempts: Forbidden domain
147,https://etender.up.nic.in/nicgep/app?component=%24DirectLink_0&page=FrontEndAdvancedSearchResult&service=direct&session=T&sp=SW1c9r1uDov0YadmEJNQEzg%3D%3D,failed after 3 attempts: Forbidden domain
148,https://etender.up.nic.in/nicgep/app?component=%24DirectLink_0&page=FrontEndAdvancedSearchResult&service=direct&session=T&sp=SSAbNQp0y0g%2BRSnhtGBF9Gw%3D%3D,failed after 3 attempts: Forbidden domain
149,https://etender.up.nic.in/nicgep/app?component=%24DirectLink_0&page=FrontEndAdvancedSearchResult&service=direct&session=T&sp=SEZlT4zomkWu1xAcqwOz48A%3D%3D,failed after 3 attempts: Forbidden domain
152,https://etender.up.nic.in/nicgep/app?component=%24DirectLink_0&page=FrontEndAdvancedSearchResult&service=direct&session=T&sp=SC%2BHxh%2B6AOcPfQw0V7eOM0w%3D%3D,failed after 3 attempts: Forbidden domain
158,https://etender.up.nic.in/nicgep/app?component=%24DirectLink_0&page=FrontEndAdvancedSearchResult&service=direct&session=T&sp=SWEp7X2nNPFnKf5Qsac3fcA%3D%3D,failed after 3 attempts: Forbidden domain
159,https://etender.up.nic.in/nicgep/app?component=%24DirectLink_0&page=FrontEndAdvancedSearchResult&service=direct&session=T&sp=S6GYa2Lr7rHpID%2FCTf5LtTA%3D%3D,failed after 3 attempts: Forbidden domain
160,https://etender.up.nic.in/nicgep/app?component=%24DirectLink_0&page=FrontEndAdvancedSearchResult&service=direct&session=T&sp=S0BF4qX9WiUXRi4FYc02DrA%3D%3D,failed after 3 attempts: Forbidden domain
161,https://etender.up.nic.in/nicgep/app?component=%24DirectLink_0&page=FrontEndAdvancedSearchResult&service=direct&session=T&sp=SluZW3DfKL%2BnIV146RPe24g%3D%3D,failed after 3 attempts: Forbidden domain
162,https://etender.up.nic.in/nicgep/app?component=%24DirectLink_0&page=FrontEndAdvancedSearchResult&service=direct&session=T&sp=S00w1CS%2F7QQMq8JE3F3IWaw%3D%3D,failed after 3 attempts: Forbidden domain
166,https://etender.up.nic.in/nicgep/app?component=%24DirectLink_0&page=FrontEndAdvancedSearchResult&service=direct&session=T&sp=SlFiMuOCo%2F7nsCzoXTxRlWQ%3D%3D,failed after 3 attempts: Forbidden domain
165,https://etender.up.nic.in/nicgep/app?component=%24DirectLink_0&page=FrontEndAdvancedSearchResult&service=direct&session=T&sp=Sgje7lF4CvedNNK%2FKFtxmuw%3D%3D,failed after 3 attempts: Forbidden domain
167,https://etender.up.nic.in/nicgep/app?component=%24DirectLink_0&page=FrontEndAdvancedSearchResult&service=direct&session=T&sp=SSACG5s6zEZX8AmNNUG4H9g%3D%3D,failed after 3 attempts: Forbidden domain
170,https://etender.up.nic.in/nicgep/app?component=%24DirectLink_0&page=FrontEndAdvancedSearchResult&service=direct&session=T&sp=S02jhWbliEvTqGbcrW7KgvQ%3D%3D,failed after 3 attempts: Forbidden domain
172,https://etender.up.nic.in/nicgep/app?component=%24DirectLink_0&page=FrontEndAdvancedSearchResult&service=direct&session=T&sp=SVFLYCEsP7PB%2FKo1kcuMNYA%3D%3D,failed after 3 attempts: Forbidden domain
173,https://etender.up.nic.in/nicgep/app?component=%24DirectLink_0&page=FrontEndAdvancedSearchResult&service=direct&session=T&sp=S9m%2B%2F%2FLrT5hwpKLICMt01eg%3D%3D,failed after 3 attempts: Forbidden domain
176,https://etender.up.nic.in/nicgep/app?component=%24DirectLink_0&page=FrontEndAdvancedSearchResult&service=direct&session=T&sp=SPY9hZefU6BcBBo8JNqVK7w%3D%3D,failed after 3 attempts: Forbidden domain
178,https://etender.up.nic.in/nicgep/app?component=%24DirectLink_0&page=FrontEndAdvancedSearchResult&service=direct&session=T&sp=SBvIvJoetSDGYY8Q39OiKnA%3D%3D,failed after 3 attempts: Forbidden domain
